,pos,ref,alt
1,77748624,T,C
2,77748701,G,C
3,77748596,CGGC,-
4,77748686,GACCTGGGCACCGTGGAGCGCCGT,-
5,77748786,GGGCTCGCCGTGCCCTGCCCCCAC,-
6,77748791,CGCCGTGCCCTGCC,-
7,77748886,ATGCCCGGCACTGCGGCTCGTTTT,-
8,77748896,CTGC,-
9,77749091,GAGCTGCCTGTTGT,-
10,77748291,CCAGTCGTGGCCGA,-
11,77748191,GGCAGATGCGGAAG,-
12,77748581,CGCCGTGCGTGCTGACGGCATGCGCGCGCGCTAG,-
13,77748576,ACCGACGCCGTGCGTGCTGACGGCATGCGCGCGCGCTAGCGCCG,-
14,77747596,G,-
15,77748604,GCGCGCGCTAGCGCCGTGCGTGCTGACGGCATGT,-
16,77747921,G,C
17,77748521,G,C
18,77748806,C,T